{"cameraMode":{"drawMode":0,"name":"Shaded","section":"Shading Mode"},"sceneLighting":false,"audioPlay":false,"sceneViewState":{"showFog":true,"showMaterialUpdate":false,"showSkybox":true,"showFlares":true,"showImageEffects":true,"showParticleSystems":true},"in2DMode":false,"pivot":{"x":-0.037001367658376697,"y":0.9520159959793091,"z":0.19669777154922486},"rotation":{"x":0.6048612594604492,"y":-0.11589955538511276,"z":0.08956058323383331,"w":0.7827446460723877},"size":0.5062001943588257,"orthographic":false}